<?xml version="1.0" encoding="UTF-8"?>
<root>
  <item name="android.support.v4.widget.DrawerLayout boolean isDrawerOpen(int) 0">
    <annotation name="android.support.annotation.IntDef">
      <val name="value" val="{android.view.Gravity.LEFT, android.view.Gravity.RIGHT, android.support.v4.view.GravityCompat.START, android.support.v4.view.GravityCompat.END}" />
    </annotation>
  </item>
  <item name="android.support.v4.widget.DrawerLayout boolean isDrawerVisible(int) 0">
    <annotation name="android.support.annotation.IntDef">
      <val name="value" val="{android.view.Gravity.LEFT, android.view.Gravity.RIGHT, android.support.v4.view.GravityCompat.START, android.support.v4.view.GravityCompat.END}" />
    </annotation>
  </item>
  <item name="android.support.v4.widget.DrawerLayout int getDrawerLockMode(android.view.View)">
    <annotation name="android.support.annotation.IntDef">
      <val name="value" val="{android.support.v4.widget.DrawerLayout.LOCK_MODE_UNLOCKED, android.support.v4.widget.DrawerLayout.LOCK_MODE_LOCKED_CLOSED, android.support.v4.widget.DrawerLayout.LOCK_MODE_LOCKED_OPEN}" />
    </annotation>
  </item>
  <item name="android.support.v4.widget.DrawerLayout int getDrawerLockMode(int)">
    <annotation name="android.support.annotation.IntDef">
      <val name="value" val="{android.support.v4.widget.DrawerLayout.LOCK_MODE_UNLOCKED, android.support.v4.widget.DrawerLayout.LOCK_MODE_LOCKED_CLOSED, android.support.v4.widget.DrawerLayout.LOCK_MODE_LOCKED_OPEN}" />
    </annotation>
  </item>
  <item name="android.support.v4.widget.DrawerLayout int getDrawerLockMode(int) 0">
    <annotation name="android.support.annotation.IntDef">
      <val name="value" val="{android.view.Gravity.LEFT, android.view.Gravity.RIGHT, android.support.v4.view.GravityCompat.START, android.support.v4.view.GravityCompat.END}" />
    </annotation>
  </item>
  <item name="android.support.v4.widget.DrawerLayout java.lang.CharSequence getDrawerTitle(int) 0">
    <annotation name="android.support.annotation.IntDef">
      <val name="value" val="{android.view.Gravity.LEFT, android.view.Gravity.RIGHT, android.support.v4.view.GravityCompat.START, android.support.v4.view.GravityCompat.END}" />
    </annotation>
  </item>
  <item name="android.support.v4.widget.DrawerLayout java.lang.String gravityToString(int) 0">
    <annotation name="android.support.annotation.IntDef">
      <val name="value" val="{android.view.Gravity.LEFT, android.view.Gravity.RIGHT, android.support.v4.view.GravityCompat.START, android.support.v4.view.GravityCompat.END}" />
    </annotation>
  </item>
  <item name="android.support.v4.widget.DrawerLayout void closeDrawer(int) 0">
    <annotation name="android.support.annotation.IntDef">
      <val name="value" val="{android.view.Gravity.LEFT, android.view.Gravity.RIGHT, android.support.v4.view.GravityCompat.START, android.support.v4.view.GravityCompat.END}" />
    </annotation>
  </item>
  <item name="android.support.v4.widget.DrawerLayout void openDrawer(int) 0">
    <annotation name="android.support.annotation.IntDef">
      <val name="value" val="{android.view.Gravity.LEFT, android.view.Gravity.RIGHT, android.support.v4.view.GravityCompat.START, android.support.v4.view.GravityCompat.END}" />
    </annotation>
  </item>
  <item name="android.support.v4.widget.DrawerLayout void setDrawerLockMode(int) 0">
    <annotation name="android.support.annotation.IntDef">
      <val name="value" val="{android.support.v4.widget.DrawerLayout.LOCK_MODE_UNLOCKED, android.support.v4.widget.DrawerLayout.LOCK_MODE_LOCKED_CLOSED, android.support.v4.widget.DrawerLayout.LOCK_MODE_LOCKED_OPEN}" />
    </annotation>
  </item>
  <item name="android.support.v4.widget.DrawerLayout void setDrawerLockMode(int, android.view.View) 0">
    <annotation name="android.support.annotation.IntDef">
      <val name="value" val="{android.support.v4.widget.DrawerLayout.LOCK_MODE_UNLOCKED, android.support.v4.widget.DrawerLayout.LOCK_MODE_LOCKED_CLOSED, android.support.v4.widget.DrawerLayout.LOCK_MODE_LOCKED_OPEN}" />
    </annotation>
  </item>
  <item name="android.support.v4.widget.DrawerLayout void setDrawerLockMode(int, int) 0">
    <annotation name="android.support.annotation.IntDef">
      <val name="value" val="{android.support.v4.widget.DrawerLayout.LOCK_MODE_UNLOCKED, android.support.v4.widget.DrawerLayout.LOCK_MODE_LOCKED_CLOSED, android.support.v4.widget.DrawerLayout.LOCK_MODE_LOCKED_OPEN}" />
    </annotation>
  </item>
  <item name="android.support.v4.widget.DrawerLayout void setDrawerLockMode(int, int) 1">
    <annotation name="android.support.annotation.IntDef">
      <val name="value" val="{android.view.Gravity.LEFT, android.view.Gravity.RIGHT, android.support.v4.view.GravityCompat.START, android.support.v4.view.GravityCompat.END}" />
    </annotation>
  </item>
  <item name="android.support.v4.widget.DrawerLayout void setDrawerShadow(android.graphics.drawable.Drawable, int) 1">
    <annotation name="android.support.annotation.IntDef">
      <val name="value" val="{android.view.Gravity.LEFT, android.view.Gravity.RIGHT, android.support.v4.view.GravityCompat.START, android.support.v4.view.GravityCompat.END}" />
    </annotation>
  </item>
  <item name="android.support.v4.widget.DrawerLayout void setDrawerShadow(int, int) 0">
    <annotation name="android.support.annotation.DrawableRes" />
  </item>
  <item name="android.support.v4.widget.DrawerLayout void setDrawerShadow(int, int) 1">
    <annotation name="android.support.annotation.IntDef">
      <val name="value" val="{android.view.Gravity.LEFT, android.view.Gravity.RIGHT, android.support.v4.view.GravityCompat.START, android.support.v4.view.GravityCompat.END}" />
    </annotation>
  </item>
  <item name="android.support.v4.widget.DrawerLayout void setDrawerTitle(int, java.lang.CharSequence) 0">
    <annotation name="android.support.annotation.IntDef">
      <val name="value" val="{android.view.Gravity.LEFT, android.view.Gravity.RIGHT, android.support.v4.view.GravityCompat.START, android.support.v4.view.GravityCompat.END}" />
    </annotation>
  </item>
  <item name="android.support.v4.widget.DrawerLayout void updateDrawerState(int, int, android.view.View) 1">
    <annotation name="android.support.annotation.IntDef">
      <val name="value" val="{android.support.v4.widget.DrawerLayout.STATE_IDLE, android.support.v4.widget.DrawerLayout.STATE_DRAGGING, android.support.v4.widget.DrawerLayout.STATE_SETTLING}" />
    </annotation>
  </item>
  <item name="android.support.v4.widget.DrawerLayout.DrawerListener void onDrawerStateChanged(int) 0">
    <annotation name="android.support.annotation.IntDef">
      <val name="value" val="{android.support.v4.widget.DrawerLayout.STATE_IDLE, android.support.v4.widget.DrawerLayout.STATE_DRAGGING, android.support.v4.widget.DrawerLayout.STATE_SETTLING}" />
    </annotation>
  </item>
  <item name="android.support.v4.widget.MaterialProgressDrawable void updateSizes(int) 0">
    <annotation name="android.support.annotation.IntDef">
      <val name="value" val="{android.support.v4.widget.MaterialProgressDrawable.LARGE, android.support.v4.widget.MaterialProgressDrawable.DEFAULT}" />
    </annotation>
  </item>
  <item name="android.support.v4.widget.SlidingPaneLayout void setShadowResource(int) 0">
    <annotation name="android.support.annotation.DrawableRes" />
  </item>
</root>

