<?xml version="1.0" encoding="UTF-8"?>
<root>
  <item name="android.support.v4.app.ActionBarDrawerToggle ActionBarDrawerToggle(android.app.Activity, android.support.v4.widget.DrawerLayout, boolean, int, int, int) 3">
    <annotation name="android.support.annotation.DrawableRes" />
  </item>
  <item name="android.support.v4.app.ActionBarDrawerToggle ActionBarDrawerToggle(android.app.Activity, android.support.v4.widget.DrawerLayout, boolean, int, int, int) 4">
    <annotation name="android.support.annotation.StringRes" />
  </item>
  <item name="android.support.v4.app.ActionBarDrawerToggle ActionBarDrawerToggle(android.app.Activity, android.support.v4.widget.DrawerLayout, boolean, int, int, int) 5">
    <annotation name="android.support.annotation.StringRes" />
  </item>
  <item name="android.support.v4.app.ActionBarDrawerToggle ActionBarDrawerToggle(android.app.Activity, android.support.v4.widget.DrawerLayout, int, int, int) 2">
    <annotation name="android.support.annotation.DrawableRes" />
  </item>
  <item name="android.support.v4.app.ActionBarDrawerToggle ActionBarDrawerToggle(android.app.Activity, android.support.v4.widget.DrawerLayout, int, int, int) 3">
    <annotation name="android.support.annotation.StringRes" />
  </item>
  <item name="android.support.v4.app.ActionBarDrawerToggle ActionBarDrawerToggle(android.app.Activity, android.support.v4.widget.DrawerLayout, int, int, int) 4">
    <annotation name="android.support.annotation.StringRes" />
  </item>
  <item name="android.support.v4.app.ActionBarDrawerToggle.Delegate void setActionBarDescription(int) 0">
    <annotation name="android.support.annotation.StringRes" />
  </item>
  <item name="android.support.v4.app.ActionBarDrawerToggle.Delegate void setActionBarUpIndicator(android.graphics.drawable.Drawable, int) 1">
    <annotation name="android.support.annotation.StringRes" />
  </item>
  <item name="android.support.v4.app.DialogFragment int getTheme()">
    <annotation name="android.support.annotation.StyleRes" />
  </item>
  <item name="android.support.v4.app.DialogFragment void setStyle(int, int) 0">
    <annotation name="android.support.annotation.IntDef">
      <val name="value" val="{android.support.v4.app.DialogFragment.STYLE_NORMAL, android.support.v4.app.DialogFragment.STYLE_NO_TITLE, android.support.v4.app.DialogFragment.STYLE_NO_FRAME, android.support.v4.app.DialogFragment.STYLE_NO_INPUT}" />
    </annotation>
  </item>
  <item name="android.support.v4.app.DialogFragment void setStyle(int, int) 1">
    <annotation name="android.support.annotation.StyleRes" />
  </item>
  <item name="android.support.v4.app.Fragment java.lang.CharSequence getText(int) 0">
    <annotation name="android.support.annotation.StringRes" />
  </item>
  <item name="android.support.v4.app.Fragment java.lang.String getString(int) 0">
    <annotation name="android.support.annotation.StringRes" />
  </item>
  <item name="android.support.v4.app.Fragment java.lang.String getString(int, java.lang.Object...) 0">
    <annotation name="android.support.annotation.StringRes" />
  </item>
  <item name="android.support.v4.app.FragmentContainer android.view.View findViewById(int) 0">
    <annotation name="android.support.annotation.IdRes" />
  </item>
  <item name="android.support.v4.app.FragmentManager android.support.v4.app.Fragment findFragmentById(int) 0">
    <annotation name="android.support.annotation.IdRes" />
  </item>
  <item name="android.support.v4.app.FragmentManager.BackStackEntry int getBreadCrumbShortTitleRes()">
    <annotation name="android.support.annotation.StringRes" />
  </item>
  <item name="android.support.v4.app.FragmentManager.BackStackEntry int getBreadCrumbTitleRes()">
    <annotation name="android.support.annotation.StringRes" />
  </item>
  <item name="android.support.v4.app.FragmentTransaction android.support.v4.app.FragmentTransaction add(int, android.support.v4.app.Fragment) 0">
    <annotation name="android.support.annotation.IdRes" />
  </item>
  <item name="android.support.v4.app.FragmentTransaction android.support.v4.app.FragmentTransaction add(int, android.support.v4.app.Fragment, java.lang.String) 0">
    <annotation name="android.support.annotation.IdRes" />
  </item>
  <item name="android.support.v4.app.FragmentTransaction android.support.v4.app.FragmentTransaction replace(int, android.support.v4.app.Fragment) 0">
    <annotation name="android.support.annotation.IdRes" />
  </item>
  <item name="android.support.v4.app.FragmentTransaction android.support.v4.app.FragmentTransaction replace(int, android.support.v4.app.Fragment, java.lang.String) 0">
    <annotation name="android.support.annotation.IdRes" />
  </item>
  <item name="android.support.v4.app.FragmentTransaction android.support.v4.app.FragmentTransaction setBreadCrumbShortTitle(int) 0">
    <annotation name="android.support.annotation.StringRes" />
  </item>
  <item name="android.support.v4.app.FragmentTransaction android.support.v4.app.FragmentTransaction setBreadCrumbTitle(int) 0">
    <annotation name="android.support.annotation.StringRes" />
  </item>
  <item name="android.support.v4.app.FragmentTransaction android.support.v4.app.FragmentTransaction setCustomAnimations(int, int) 0">
    <annotation name="android.support.annotation.AnimRes" />
  </item>
  <item name="android.support.v4.app.FragmentTransaction android.support.v4.app.FragmentTransaction setCustomAnimations(int, int) 1">
    <annotation name="android.support.annotation.AnimRes" />
  </item>
  <item name="android.support.v4.app.FragmentTransaction android.support.v4.app.FragmentTransaction setCustomAnimations(int, int, int, int) 0">
    <annotation name="android.support.annotation.AnimRes" />
  </item>
  <item name="android.support.v4.app.FragmentTransaction android.support.v4.app.FragmentTransaction setCustomAnimations(int, int, int, int) 1">
    <annotation name="android.support.annotation.AnimRes" />
  </item>
  <item name="android.support.v4.app.FragmentTransaction android.support.v4.app.FragmentTransaction setCustomAnimations(int, int, int, int) 2">
    <annotation name="android.support.annotation.AnimRes" />
  </item>
  <item name="android.support.v4.app.FragmentTransaction android.support.v4.app.FragmentTransaction setCustomAnimations(int, int, int, int) 3">
    <annotation name="android.support.annotation.AnimRes" />
  </item>
  <item name="android.support.v4.app.FragmentTransaction android.support.v4.app.FragmentTransaction setTransition(int) 0">
    <annotation name="android.support.annotation.IntDef">
      <val name="value" val="{android.support.v4.app.FragmentTransaction.TRANSIT_NONE, android.support.v4.app.FragmentTransaction.TRANSIT_FRAGMENT_OPEN, android.support.v4.app.FragmentTransaction.TRANSIT_FRAGMENT_CLOSE}" />
    </annotation>
  </item>
  <item name="android.support.v4.app.FragmentTransaction android.support.v4.app.FragmentTransaction setTransitionStyle(int) 0">
    <annotation name="android.support.annotation.StyleRes" />
  </item>
  <item name="android.support.v4.app.ShareCompat.IntentBuilder android.support.v4.app.ShareCompat.IntentBuilder setChooserTitle(int) 0">
    <annotation name="android.support.annotation.StringRes" />
  </item>
</root>

